,Name,Time
4,atom_er,26235440466.9999
3,fct_ptr_exchg_ex,26275464453.800304
7,fct_ptr_exchg_comp_ex,26286048668.75012
2,fct_ptr_exchg_er,26291050964.10003
5,atom_ex,26311952937.4002
6,fct_ptr_exchg_comp_er,26444689281.300087
9,interval_er,26484732733.999954
10,interval_ex,26624457214.79944
11,union_er,26711863694.20011
12,union_ex,26753632822.39996
1,fct_exchg_ex,26776039977.44973
0,fct_exchg_er,26802722525.95014
8,fct_ptr_exchg_call_er,30172581200.999413
