Approach,ErrorReturn,Exception
FunctionPointerExchange,26119215623.799755,26451806817.000034
AtomicEnum,26148690596.400414,26376091779.799023
FunctionPointerExchangeDifferentCompilationUnit,26335956246.39965,26214564643.19999
Interval,26444615137.200523,26497701487.599625
Union,26623933304.200184,26818241302.59993
FunctionPointerExchangeCallingConvention,27082124993.40043,
FunctionExchange,26728967452.40032,26637563721.800323
